Workbook

Sheet PARAMETER
A1: PARAMETER | B1: CHILE | C1: PERU | D1: ECUADOR | E1: COLOMBIA | F1: BOLIVIA
A2: Retail Sales | B2: Retail GDV | C2: Retail | D2: RETAIL | E2: RETAIL | F2: Ventas
A3: Wholesales | B3: Wholesale | C3: Wholesale | D3: WHOLESALE | E3: WHOLESALE | F3: Wholesale GM
A4: Registration | B4: Patentes | C4: Matrículas | D4: MATRICULAS | E4: RETAIL | F4: Ventas
A5: Day Supply Dealer Stock | B5: Day Supply Dealer Stock | C5: DOH Dealer | D5: DIAS RED
A6: Day Supply PS Available | B6: Day Supply PS Available | C6: DOH GM | D6: DIAS PLANTA
A7: Days of Sales
A8: Dealer Stock | B8: Dealer Stock | C8: Inv. Final Dealer | D8: INV RED | E8: STOCK DEALER
A9: Market Share | B9: Market Share | C9: MS% | D9: MS
A10: Mix (% of Country) | B10: Mix (% of Country)
A11: Plant Stock Available | B11: Plant Stock | C11: Inv. Final GM | D11: INV PLANTA | E11: STOCK GM | F11: Stock Final
A12: Plant Stock not Available
A13: Plant Stock Total
A14: Production | B14: Producción | E14: PRODUCCIÓN | F14: Producción
A15: Transit | B15: Embarques | E15: TRANSITO | F15: Pedido
A16: Arrivals | B16: Llegadas | C16: Llegadas | D16: PRODUCCION | E16: LLEGADAS | F16: Llegadas RT Bolivia

Sheet SEGMENT
A1: NAMEPLATE | B1: SEGMENT
A2: 310C | B2: CAR-B
A3: 310C NB | B3: CAR-B
A4: BEAT | B4: CAR-A
A5: BLAZER | B5: SUV-D
A6: BLAZER EV | B6: SUV-D
A7: BOLT | B7: SUV-B
A8: BOLT EUV | B8: SUV-B
A9: CADILLAC | B9: CADILLAC
A10: CAMARO | B10: SPORT
A11: CAPTIVA | B11: SUV-C
A12: CAPTIVA NEV | B12: SUV-C
... A59: CAPTIVA PHEV | B59: SUV-C

Sheet CHILE
A1: NAMEPLATE | B1: TRIM | C1: SEGMENT | D1: CONCAT | E1: NAMEPLATE COUNTRY | F1: TRIM 1 | G1: TRIM 2 | H1: TRIM 3
A2: BLAZER | B2: RS AT | C2: =_xlfn.XLOOKUP(A2,SEGMENT!A:A,SEGMENT!B:B) -> SUV-D | D2: =_xlfn.CONCAT(A2," ",B2) -> BLAZER RS AT | E2: BLAZER | F2: RS AT | G2: PROTOTIPO
A3: BLAZER | B3: OBSOLETO | C3: =_xlfn.XLOOKUP(A3,SEGMENT!A:A,SEGMENT!B:B) -> SUV-D | D3: =_xlfn.CONCAT(A3," ",B3) -> BLAZER OBSOLETO | E3: BLAZER | F3: OBSOLETA
A4: BLAZER EV | B4: RS AT | C4: =_xlfn.XLOOKUP(A4,SEGMENT!A:A,SEGMENT!B:B) -> SUV-D | D4: =_xlfn.CONCAT(A4," ",B4) -> BLAZER EV RS AT | E4: BLAZER EV | F4: PROTOTIPO | G4: RS | H4: BLAZER EV
A5: BOLT EUV | B5: LT AT | C5: =_xlfn.XLOOKUP(A5,SEGMENT!A:A,SEGMENT!B:B) -> SUV-B | D5: =_xlfn.CONCAT(A5," ",B5) -> BOLT EUV LT AT | E5: BOLT | F5: PROTOTIPO | G5: LT
A6: CADILLAC | B6: CADILLAC | C6: =_xlfn.XLOOKUP(A6,SEGMENT!A:A,SEGMENT!B:B) -> CADILLAC | D6: =_xlfn.CONCAT(A6," ",B6) -> CADILLAC CADILLAC | E6: LYRIQ | F6: LYRIQ
A7: CADILLAC | B7: CADILLAC | C7: =_xlfn.XLOOKUP(A7,SEGMENT!A:A,SEGMENT!B:B) -> CADILLAC | D7: =_xlfn.CONCAT(A7," ",B7) -> CADILLAC CADILLAC | E7: VISTIQ | F7: VISTIQ
A8: CAMARO | B8: CAMARO | C8: =_xlfn.XLOOKUP(A8,SEGMENT!A:A,SEGMENT!B:B) -> SPORT | D8: =_xlfn.CONCAT(A8," ",B8) -> CAMARO CAMARO | E8: CAMARO | F8: 6.2L SS AT RWD
A9: CAPTIVA | B9: PREMIER MT | C9: =_xlfn.XLOOKUP(A9,SEGMENT!A:A,SEGMENT!B:B) -> SUV-C | D9: =_xlfn.CONCAT(A9," ",B9) -> CAPTIVA PREMIER MT | E9: NEW CAPTIVA | F9: PREMIER MT
A10: CAPTIVA | B10: PREMIER AT | C10: =_xlfn.XLOOKUP(A10,SEGMENT!A:A,SEGMENT!B:B) -> SUV-C | D10: =_xlfn.CONCAT(A10," ",B10) -> CAPTIVA PREMIER AT | E10: NEW CAPTIVA | F10: PREMIER CVT
A11: CAPTIVA | B11: LTZ MT | C11: =_xlfn.XLOOKUP(A11,SEGMENT!A:A,SEGMENT!B:B) -> SUV-C | D11: =_xlfn.CONCAT(A11," ",B11) -> CAPTIVA LTZ MT | E11: NEW CAPTIVA | F11: LTZ MT
A12: CAPTIVA | B12: LTZ AT | C12: =_xlfn.XLOOKUP(A12,SEGMENT!A:A,SEGMENT!B:B) -> SUV-C | D12: =_xlfn.CONCAT(A12," ",B12) -> CAPTIVA LTZ AT | E12: NEW CAPTIVA | F12: PROTOTIPO | G12: LTZ CVT
A13: CAPTIVA | B13: OBSOLETO | C13: =_xlfn.XLOOKUP(A13,SEGMENT!A:A,SEGMENT!B:B) -> SUV-C | D13: =_xlfn.CONCAT(A13," ",B13) -> CAPTIVA OBSOLETO | E13: NEW CAPTIVA | F13: OBSOLETA
A14: CAPTIVA | B14: OBSOLETO | C14: =_xlfn.XLOOKUP(A14,SEGMENT!A:A,SEGMENT!B:B) -> SUV-C | D14: =_xlfn.CONCAT(A14," ",B14) -> CAPTIVA OBSOLETO | E14: CAPTIVA | F14: OBSOLETA
A15: CAPTIVA NEV | B15: PHEV | C15: =_xlfn.XLOOKUP(A15,SEGMENT!A:A,SEGMENT!B:B) -> SUV-C | D15: =_xlfn.CONCAT(A15," ",B15) -> CAPTIVA NEV PHEV | E15: F510S | F15: PHEV LI | G15: PHEV | H15: HV
A16: CAPTIVA NEV | B16: EUV | C16: =_xlfn.XLOOKUP(A16,SEGMENT!A:A,SEGMENT!B:B) -> SUV-C | D16: =_xlfn.CONCAT(A16," ",B16) -> CAPTIVA NEV EUV | E16: F510S | F16: EV LI | G16: EV | H16: PROTOTIPO
A17: COLORADO | B17: OBSOLETO | C17: =_xlfn.XLOOKUP(A17,SEGMENT!A:A,SEGMENT!B:B) -> PICKUP-D | D17: =_xlfn.CONCAT(A17," ",B17) -> COLORADO OBSOLETO | E17: COLORADO | F17: OBSOLETA
A18: COLORADO | B18: Z71 AT | C18: =_xlfn.XLOOKUP(A18,SEGMENT!A:A,SEGMENT!B:B) -> PICKUP-D | D18: =_xlfn.CONCAT(A18," ",B18) -> COLORADO Z71 AT | E18: COLORADO | F18: Z71
A19: COLORADO | B19: WT MT 4X4 | C19: =_xlfn.XLOOKUP(A19,SEGMENT!A:A,SEGMENT!B:B) -> PICKUP-D | D19: =_xlfn.CONCAT(A19," ",B19) -> COLORADO WT MT 4X4 | E19: COLORADO | F19: LT MT 4x4 | G19: WT MT 4x4
A20: COLORADO | B20: WT MT 4X2 | C20: =_xlfn.XLOOKUP(A20,SEGMENT!A:A,SEGMENT!B:B) -> PICKUP-D | D20: =_xlfn.CONCAT(A20," ",B20) -> COLORADO WT MT 4X2 | E20: COLORADO | F20: LT MT 4x2 | G20: WT MT 4x2
A21: COLORADO | B21: WT AT | C21: =_xlfn.XLOOKUP(A21,SEGMENT!A:A,SEGMENT!B:B) -> PICKUP-D | D21: =_xlfn.CONCAT(A21," ",B21) -> COLORADO WT AT | E21: COLORADO | F21: LT AT 4x4 | G21: WT AT 4x4
A22: COLORADO | B22: LTZ MT | C22: =_xlfn.XLOOKUP(A22,SEGMENT!A:A,SEGMENT!B:B) -> PICKUP-D | D22: =_xlfn.CONCAT(A22," ",B22) -> COLORADO LTZ MT | E22: COLORADO | F22: LTZ MT
A23: COLORADO | B23: LTZ AT | C23: =_xlfn.XLOOKUP(A23,SEGMENT!A:A,SEGMENT!B:B) -> PICKUP-D | D23: =_xlfn.CONCAT(A23," ",B23) -> COLORADO LTZ AT | E23: COLORADO | F23: LTZ AT
A24: COLORADO | B24: HC AT | C24: =_xlfn.XLOOKUP(A24,SEGMENT!A:A,SEGMENT!B:B) -> PICKUP-D | D24: =_xlfn.CONCAT(A24," ",B24) -> COLORADO HC AT | E24: COLORADO | F24: HC | G24: PROTOTIPO
A25: D-MAX | B25: OBSOLETO | C25: =_xlfn.XLOOKUP(A25,SEGMENT!A:A,SEGMENT!B:B) -> PICKUP-D | D25: =_xlfn.CONCAT(A25," ",B25) -> D-MAX OBSOLETO | E25: D-MAX | F25: OBSOLETA
A26: EQUINOX | B26: RS AT | C26: =_xlfn.XLOOKUP(A26,SEGMENT!A:A,SEGMENT!B:B) -> SUV-C | D26: =_xlfn.CONCAT(A26," ",B26) -> EQUINOX RS AT | E26: EQUINOX | F26: PROTOTIPO | G26: PREMIER CVT
A27: EQUINOX | B27: OBSOLETO | C27: =_xlfn.XLOOKUP(A27,SEGMENT!A:A,SEGMENT!B:B) -> SUV-C | D27: =_xlfn.CONCAT(A27," ",B27) -> EQUINOX OBSOLETO | E27: EQUINOX | F27: OBSOLETA
A28: EQUINOX EV | B28: LT AT | C28: =_xlfn.XLOOKUP(A28,SEGMENT!A:A,SEGMENT!B:B) -> SUV-C | D28: =_xlfn.CONCAT(A28," ",B28) -> EQUINOX EV LT AT | E28: EQUINOX EV | F28: EQUINOX EV | G28: RS | H28: LTZ
A29: EQUINOX EV | B29: LT AT | C29: =_xlfn.XLOOKUP(A29,SEGMENT!A:A,SEGMENT!B:B) -> SUV-C | D29: =_xlfn.CONCAT(A29," ",B29) -> EQUINOX EV LT AT | E29: EQUINOX EV | F29: PROTOTIPO
A30: GMICA | B30: OBSOLETO | C30: =_xlfn.XLOOKUP(A30,SEGMENT!A:A,SEGMENT!B:B) -> B&T | D30: =_xlfn.CONCAT(A30," ",B30) -> GMICA OBSOLETO | E30: FRR | F30: OBSOLETA
A31: GMICA | B31: OBSOLETO | C31: =_xlfn.XLOOKUP(A31,SEGMENT!A:A,SEGMENT!B:B) -> B&T | D31: =_xlfn.CONCAT(A31," ",B31) -> GMICA OBSOLETO | E31: FTR | F31: OBSOLETA
A32: GMICA | B32: OBSOLETO | C32: =_xlfn.XLOOKUP(A32,SEGMENT!A:A,SEGMENT!B:B) -> B&T | D32: =_xlfn.CONCAT(A32," ",B32) -> GMICA OBSOLETO | E32: FVR | F32: OBSOLETA
A33: GMICA | B33: GMICA | C33: =_xlfn.XLOOKUP(A33,SEGMENT!A:A,SEGMENT!B:B) -> B&T | D33: =_xlfn.CONCAT(A33," ",B33) -> GMICA GMICA | E33: FRR | F33: 0 | G33: FRR
A34: GMICA | B34: GMICA | C34: =_xlfn.XLOOKUP(A34,SEGMENT!A:A,SEGMENT!B:B) -> B&T | D34: =_xlfn.CONCAT(A34," ",B34) -> GMICA GMICA | E34: FTR | F34: 0
A35: GMICA | B35: GMICA | C35: =_xlfn.XLOOKUP(A35,SEGMENT!A:A,SEGMENT!B:B) -> B&T | D35: =_xlfn.CONCAT(A35," ",B35) -> GMICA GMICA | E35: FVR | F35: 0 | G35: FVR
A36: GMICA | B36: GMICA | C36: =_xlfn.XLOOKUP(A36,SEGMENT!A:A,SEGMENT!B:B) -> B&T | D36: =_xlfn.CONCAT(A36," ",B36) -> GMICA GMICA | E36: NPR | F36: 0 | G36: NPR
A37: GMICA | B37: GMICA | C37: =_xlfn.XLOOKUP(A37,SEGMENT!A:A,SEGMENT!B:B) -> B&T | D37: =_xlfn.CONCAT(A37," ",B37) -> GMICA GMICA | E37: NPS | F37: 0 | G37: NPS
A38: GMICA | B38: GMICA | C38: =_xlfn.XLOOKUP(A38,SEGMENT!A:A,SEGMENT!B:B) -> B&T | D38: =_xlfn.CONCAT(A38," ",B38) -> GMICA GMICA | E38: NQR | F38: 0 | G38: NQR
A39: GMICA | B39: GMICA | C39: =_xlfn.XLOOKUP(A39,SEGMENT!A:A,SEGMENT!B:B) -> B&T | D39: =_xlfn.CONCAT(A39," ",B39) -> GMICA GMICA | E39: N-RD | F39: 0
A40: GMICA | B40: GMICA | C40: =_xlfn.XLOOKUP(A40,SEGMENT!A:A,SEGMENT!B:B) -> B&T | D40: =_xlfn.CONCAT(A40," ",B40) -> GMICA GMICA | E40: N-RS | F40: 0
A41: GMICA | B41: GMICA | C41: =_xlfn.XLOOKUP(A41,SEGMENT!A:A,SEGMENT!B:B) -> B&T | D41: =_xlfn.CONCAT(A41," ",B41) -> GMICA GMICA | E41: FVZ | F41: 0 | G41: FVZ
A42: GMICA | B42: GMICA | C42: =_xlfn.XLOOKUP(A42,SEGMENT!A:A,SEGMENT!B:B) -> B&T | D42: =_xlfn.CONCAT(A42," ",B42) -> GMICA GMICA | E42: NKR | F42: NKR
A43: GROOVE | B43: RS MT | C43: =_xlfn.XLOOKUP(A43,SEGMENT!A:A,SEGMENT!B:B) -> SUV-B | D43: =_xlfn.CONCAT(A43," ",B43) -> GROOVE RS MT | E43: GROOVE | F43: RS MT
A44: GROOVE | B44: RS AT | C44: =_xlfn.XLOOKUP(A44,SEGMENT!A:A,SEGMENT!B:B) -> SUV-B | D44: =_xlfn.CONCAT(A44," ",B44) -> GROOVE RS AT | E44: GROOVE | F44: RS CVT
A45: GROOVE | B45: PREMIER MT | C45: =_xlfn.XLOOKUP(A45,SEGMENT!A:A,SEGMENT!B:B) -> SUV-B | D45: =_xlfn.CONCAT(A45," ",B45) -> GROOVE PREMIER MT | E45: GROOVE | F45: PREMIER MT
A46: GROOVE | B46: LTZ MT | C46: =_xlfn.XLOOKUP(A46,SEGMENT!A:A,SEGMENT!B:B) -> SUV-B | D46: =_xlfn.CONCAT(A46," ",B46) -> GROOVE LTZ MT | E46: GROOVE | F46: LTZ MT | G46: PROTOTIPO
A47: GROOVE | B47: LT MT | C47: =_xlfn.XLOOKUP(A47,SEGMENT!A:A,SEGMENT!B:B) -> SUV-B | D47: =_xlfn.CONCAT(A47," ",B47) -> GROOVE LT MT | E47: GROOVE | F47: LT MT
A48: MONTANA | B48: RS AT | C48: =_xlfn.XLOOKUP(A48,SEGMENT!A:A,SEGMENT!B:B) -> PICKUP-C | D48: =_xlfn.CONCAT(A48," ",B48) -> MONTANA RS AT | E48: NEW MONTANA | F48: RS AT
A49: MONTANA | B49: PREMIER MT | C49: =_xlfn.XLOOKUP(A49,SEGMENT!A:A,SEGMENT!B:B) -> PICKUP-C | D49: =_xlfn.CONCAT(A49," ",B49) -> MONTANA PREMIER MT | E49: NEW MONTANA | F49: PREMIER MT
A50: MONTANA | B50: PREMIER AT | C50: =_xlfn.XLOOKUP(A50,SEGMENT!A:A,SEGMENT!B:B) -> PICKUP-C | D50: =_xlfn.CONCAT(A50," ",B50) -> MONTANA PREMIER AT | E50: NEW MONTANA | F50: PREMIER AT
A51: MONTANA | B51: LTZ AT | C51: =_xlfn.XLOOKUP(A51,SEGMENT!A:A,SEGMENT!B:B) -> PICKUP-C | D51: =_xlfn.CONCAT(A51," ",B51) -> MONTANA LTZ AT | E51: NEW MONTANA | F51: LTZ AT
A52: MONTANA | B52: LT MT | C52: =_xlfn.XLOOKUP(A52,SEGMENT!A:A,SEGMENT!B:B) -> PICKUP-C | D52: =_xlfn.CONCAT(A52," ",B52) -> MONTANA LT MT | E52: NEW MONTANA | F52: LT MT | G52: PROTOTIPO
A53: MONTANA | B53: LT AT | C53: =_xlfn.XLOOKUP(A53,SEGMENT!A:A,SEGMENT!B:B) -> PICKUP-C | D53: =_xlfn.CONCAT(A53," ",B53) -> MONTANA LT AT | E53: NEW MONTANA | F53: LT AT
A54: N300 | B54: OBSOLETO | C54: =_xlfn.XLOOKUP(A54,SEGMENT!A:A,SEGMENT!B:B) -> VAN-B | D54: =_xlfn.CONCAT(A54," ",B54) -> N300 OBSOLETO | E54: N300 | F54: 0
A55: N400 | B55: CARGO FULL | C55: =_xlfn.XLOOKUP(A55,SEGMENT!A:A,SEGMENT!B:B) -> VAN-B | D55: =_xlfn.CONCAT(A55," ",B55) -> N400 CARGO FULL | E55: N400 | F55: MT AC
A56: N400 | B56: CARGO | C56: =_xlfn.XLOOKUP(A56,SEGMENT!A:A,SEGMENT!B:B) -> VAN-B | D56: =_xlfn.CONCAT(A56," ",B56) -> N400 CARGO | E56: N400 | F56: MT | G56: PROTOTIPO
A57: N400 | B57: OBSOLETO | C57: =_xlfn.XLOOKUP(A57,SEGMENT!A:A,SEGMENT!B:B) -> VAN-B | D57: =_xlfn.CONCAT(A57," ",B57) -> N400 OBSOLETO | E57: N400 | F57: OBSOLETA
A58: GMICA | B58: OBSOLETO | C58: =_xlfn.XLOOKUP(A58,SEGMENT!A:A,SEGMENT!B:B) -> B&T | D58: =_xlfn.CONCAT(A58," ",B58) -> GMICA OBSOLETO | E58: NPR | F58: OBSOLETA
A59: GMICA | B59: OBSOLETO | C59: =_xlfn.XLOOKUP(A59,SEGMENT!A:A,SEGMENT!B:B) -> B&T | D59: =_xlfn.CONCAT(A59," ",B59) -> GMICA OBSOLETO | E59: NPS | F59: OBSOLETA
A60: GMICA | B60: OBSOLETO | C60: =_xlfn.XLOOKUP(A60,SEGMENT!A:A,SEGMENT!B:B) -> B&T | D60: =_xlfn.CONCAT(A60," ",B60) -> GMICA OBSOLETO | E60: NQR | F60: OBSOLETA
A61: GMICA | B61: OBSOLETO | C61: =_xlfn.XLOOKUP(A61,SEGMENT!A:A,SEGMENT!B:B) -> B&T | D61: =_xlfn.CONCAT(A61," ",B61) -> GMICA OBSOLETO | E61: N-RD | F61: OBSOLETA
A62: GMICA | B62: OBSOLETO | C62: =_xlfn.XLOOKUP(A62,SEGMENT!A:A,SEGMENT!B:B) -> B&T | D62: =_xlfn.CONCAT(A62," ",B62) -> GMICA OBSOLETO | E62: N-RS | F62: OBSOLETA
A63: ONIX | B63: RS MT | C63: =_xlfn.XLOOKUP(A63,SEGMENT!A:A,SEGMENT!B:B) -> CAR-B | D63: =_xlfn.CONCAT(A63," ",B63) -> ONIX RS MT | E63: NEW ONIX | F63: RS MT
A64: ONIX | B64: RS AT | C64: =_xlfn.XLOOKUP(A64,SEGMENT!A:A,SEGMENT!B:B) -> CAR-B | D64: =_xlfn.CONCAT(A64," ",B64) -> ONIX RS AT | E64: NEW ONIX | F64: RS AT
A65: ONIX | B65: PREMIER AT | C65: =_xlfn.XLOOKUP(A65,SEGMENT!A:A,SEGMENT!B:B) -> CAR-B | D65: =_xlfn.CONCAT(A65," ",B65) -> ONIX PREMIER AT | E65: NEW ONIX | F65: PREMIER AT | G65: PROTOTIPO
A66: ONIX | B66: LTZ MT | C66: =_xlfn.XLOOKUP(A66,SEGMENT!A:A,SEGMENT!B:B) -> CAR-B | D66: =_xlfn.CONCAT(A66," ",B66) -> ONIX LTZ MT | E66: NEW ONIX | F66: LTZ MT
A67: ONIX | B67: LT MT | C67: =_xlfn.XLOOKUP(A67,SEGMENT!A:A,SEGMENT!B:B) -> CAR-B | D67: =_xlfn.CONCAT(A67," ",B67) -> ONIX LT MT | E67: NEW ONIX | F67: LT MT
A68: ONIX | B68: OBSOLETO | C68: =_xlfn.XLOOKUP(A68,SEGMENT!A:A,SEGMENT!B:B) -> CAR-B | D68: =_xlfn.CONCAT(A68," ",B68) -> ONIX OBSOLETO | E68: NEW ONIX | F68: OBSOLETA
A69: ONIX NB | B69: PREMIER AT | C69: =_xlfn.XLOOKUP(A69,SEGMENT!A:A,SEGMENT!B:B) -> CAR-B | D69: =_xlfn.CONCAT(A69," ",B69) -> ONIX NB PREMIER AT | E69: ONIX SEDAN | F69: PREMIER AT
A70: ONIX NB | B70: LTZ MT | C70: =_xlfn.XLOOKUP(A70,SEGMENT!A:A,SEGMENT!B:B) -> CAR-B | D70: =_xlfn.CONCAT(A70," ",B70) -> ONIX NB LTZ MT | E70: ONIX SEDAN | F70: LTZ MT
A71: ONIX NB | B71: LT MT | C71: =_xlfn.XLOOKUP(A71,SEGMENT!A:A,SEGMENT!B:B) -> CAR-B | D71: =_xlfn.CONCAT(A71," ",B71) -> ONIX NB LT MT | E71: ONIX SEDAN | F71: LT MT
A72: ONIX NB | B72: LS MT | C72: =_xlfn.XLOOKUP(A72,SEGMENT!A:A,SEGMENT!B:B) -> CAR-B | D72: =_xlfn.CONCAT(A72," ",B72) -> ONIX NB LS MT | E72: ONIX SEDAN | F72: LS MT | G72: PROTOTIPO
A73: ONIX NB | B73: OBSOLETO | C73: =_xlfn.XLOOKUP(A73,SEGMENT!A:A,SEGMENT!B:B) -> CAR-B | D73: =_xlfn.CONCAT(A73," ",B73) -> ONIX NB OBSOLETO | E73: ONIX SEDAN | F73: OBSOLETA
A74: SAIL | B74: LTZ MT | C74: =_xlfn.XLOOKUP(A74,SEGMENT!A:A,SEGMENT!B:B) -> CAR-B | D74: =_xlfn.CONCAT(A74," ",B74) -> SAIL LTZ MT | E74: NEW SAIL HB | F74: LTZ MT
A75: SAIL | B75: LTZ AT | C75: =_xlfn.XLOOKUP(A75,SEGMENT!A:A,SEGMENT!B:B) -> CAR-B | D75: =_xlfn.CONCAT(A75," ",B75) -> SAIL LTZ AT | E75: NEW SAIL HB | F75: LTZ CVT
A76: SAIL | B76: LT MT | C76: =_xlfn.XLOOKUP(A76,SEGMENT!A:A,SEGMENT!B:B) -> CAR-B | D76: =_xlfn.CONCAT(A76," ",B76) -> SAIL LT MT | E76: NEW SAIL HB | F76: LT MT | G76: PROTOTIPO
A77: SAIL NB | B77: OBSOLETO | C77: =_xlfn.XLOOKUP(A77,SEGMENT!A:A,SEGMENT!B:B) -> CAR-B | D77: =_xlfn.CONCAT(A77," ",B77) -> SAIL NB OBSOLETO | E77: SAIL 3 NB | F77: OBSOLETA
A78: SAIL NB | B78: LTZ MT | C78: =_xlfn.XLOOKUP(A78,SEGMENT!A:A,SEGMENT!B:B) -> CAR-B | D78: =_xlfn.CONCAT(A78," ",B78) -> SAIL NB LTZ MT | E78: NEW SAIL SEDAN | F78: LTZ MT
A79: SAIL NB | B79: LTZ AT | C79: =_xlfn.XLOOKUP(A79,SEGMENT!A:A,SEGMENT!B:B) -> CAR-B | D79: =_xlfn.CONCAT(A79," ",B79) -> SAIL NB LTZ AT | E79: NEW SAIL SEDAN | F79: LTZ CVT
A80: SAIL NB | B80: LT MT | C80: =_xlfn.XLOOKUP(A80,SEGMENT!A:A,SEGMENT!B:B) -> CAR-B | D80: =_xlfn.CONCAT(A80," ",B80) -> SAIL NB LT MT | E80: NEW SAIL SEDAN | F80: LT MT | G80: PROTOTIPO
A81: SILVERADO | B81: ZR2 | C81: =_xlfn.XLOOKUP(A81,SEGMENT!A:A,SEGMENT!B:B) -> PICKUP-E | D81: =_xlfn.CONCAT(A81," ",B81) -> SILVERADO ZR2 | E81: SILVERADO | F81: ZR2
A82: SILVERADO | B82: Z71 AT | C82: =_xlfn.XLOOKUP(A82,SEGMENT!A:A,SEGMENT!B:B) -> PICKUP-E | D82: =_xlfn.CONCAT(A82," ",B82) -> SILVERADO Z71 AT | E82: SILVERADO | F82: 5.3 LT TRAILBOSS | G82: 5.3 LTZ GASOLINE
A83: SILVERADO | B83: HC AT | C83: =_xlfn.XLOOKUP(A83,SEGMENT!A:A,SEGMENT!B:B) -> PICKUP-E | D83: =_xlfn.CONCAT(A83," ",B83) -> SILVERADO HC AT | E83: SILVERADO | F83: 3.0 HC DIESEL | G83: PROTOTIPO | H83: LTZ 3.0 AT
A84: SILVERADO | B84: OBSOLETO | C84: =_xlfn.XLOOKUP(A84,SEGMENT!A:A,SEGMENT!B:B) -> PICKUP-E | D84: =_xlfn.CONCAT(A84," ",B84) -> SILVERADO OBSOLETO | E84: SILVERADO | F84: OBSOLETA
A85: SPARK EUV | B85: EUV | C85: =_xlfn.XLOOKUP(A85,SEGMENT!A:A,SEGMENT!B:B) -> SUV-B | D85: =_xlfn.CONCAT(A85," ",B85) -> SPARK EUV EUV | E85: E260S+ | F85: EV
A86: SPARK EUV | B86: EUV | C86: =_xlfn.XLOOKUP(A86,SEGMENT!A:A,SEGMENT!B:B) -> SUV-B | D86: =_xlfn.CONCAT(A86," ",B86) -> SPARK EUV EUV | E86: SPARK EUV | F86: EUV LI | G86: EUV
A87: SPIN | B87: LTZ MT | C87: =_xlfn.XLOOKUP(A87,SEGMENT!A:A,SEGMENT!B:B) -> MPV-B | D87: =_xlfn.CONCAT(A87," ",B87) -> SPIN LTZ MT | E87: SPIN | F87: PREMIER MT
A88: SPIN | B88: LTZ AT | C88: =_xlfn.XLOOKUP(A88,SEGMENT!A:A,SEGMENT!B:B) -> MPV-B | D88: =_xlfn.CONCAT(A88," ",B88) -> SPIN LTZ AT | E88: SPIN | F88: PREMIER AT | G88: ACTIV AT
A89: SPIN | B89: OBSOLETO | C89: =_xlfn.XLOOKUP(A89,SEGMENT!A:A,SEGMENT!B:B) -> MPV-B | D89: =_xlfn.CONCAT(A89," ",B89) -> SPIN OBSOLETO | E89: SPIN | F89: OBSOLETA
A90: SUBURBAN | B90: Z71 AT | C90: =_xlfn.XLOOKUP(A90,SEGMENT!A:A,SEGMENT!B:B) -> SUV-E | D90: =_xlfn.CONCAT(A90," ",B90) -> SUBURBAN Z71 AT | E90: SUBURBAN | F90: Z71 | G90: PROTOTIPO
A91: SUBURBAN | B91: OBSOLETO | C91: =_xlfn.XLOOKUP(A91,SEGMENT!A:A,SEGMENT!B:B) -> SUV-E | D91: =_xlfn.CONCAT(A91," ",B91) -> SUBURBAN OBSOLETO | E91: SUBURBAN | F91: OBSOLETA
A92: TAHOE | B92: Z71 AT | C92: =_xlfn.XLOOKUP(A92,SEGMENT!A:A,SEGMENT!B:B) -> SUV-E | D92: =_xlfn.CONCAT(A92," ",B92) -> TAHOE Z71 AT | E92: TAHOE | F92: 5.3 Z71 AT | G92: PROTOTIPO
A93: TAHOE | B93: OBSOLETO | C93: =_xlfn.XLOOKUP(A93,SEGMENT!A:A,SEGMENT!B:B) -> SUV-E | D93: =_xlfn.CONCAT(A93," ",B93) -> TAHOE OBSOLETO | E93: TAHOE | F93: OBSOLETA
A94: TRACKER | B94: RS AT | C94: =_xlfn.XLOOKUP(A94,SEGMENT!A:A,SEGMENT!B:B) -> SUV-B | D94: =_xlfn.CONCAT(A94," ",B94) -> TRACKER RS AT | E94: NEW TRACKER | F94: RS AT
A95: TRACKER | B95: PREMIER AT | C95: =_xlfn.XLOOKUP(A95,SEGMENT!A:A,SEGMENT!B:B) -> SUV-B | D95: =_xlfn.CONCAT(A95," ",B95) -> TRACKER PREMIER AT | E95: NEW TRACKER | F95: PREMIER AT
A96: TRACKER | B96: LTZ MT | C96: =_xlfn.XLOOKUP(A96,SEGMENT!A:A,SEGMENT!B:B) -> SUV-B | D96: =_xlfn.CONCAT(A96," ",B96) -> TRACKER LTZ MT | E96: NEW TRACKER | F96: LTZ MT
A97: TRACKER | B97: LTZ AT | C97: =_xlfn.XLOOKUP(A97,SEGMENT!A:A,SEGMENT!B:B) -> SUV-B | D97: =_xlfn.CONCAT(A97," ",B97) -> TRACKER LTZ AT | E97: NEW TRACKER | F97: LTZ AT
A98: TRACKER | B98: LS MT | C98: =_xlfn.XLOOKUP(A98,SEGMENT!A:A,SEGMENT!B:B) -> SUV-B | D98: =_xlfn.CONCAT(A98," ",B98) -> TRACKER LS MT | E98: NEW TRACKER | F98: LS MT | G98: PROTOTIPO
A99: TRACKER | B99: LS MT | C99: =_xlfn.XLOOKUP(A99,SEGMENT!A:A,SEGMENT!B:B) -> SUV-B | D99: =_xlfn.CONCAT(A99," ",B99) -> TRACKER LS MT | E99: TRACKER | F99: LT MT
A100: TRACKER | B100: LS AT | C100: =_xlfn.XLOOKUP(A100,SEGMENT!A:A,SEGMENT!B:B) -> SUV-B | D100: =_xlfn.CONCAT(A100," ",B100) -> TRACKER LS AT | E100: NEW TRACKER | F100: LT AT
...

Sheet PERU
A1: NAMEPLATE | B1: TRIM | C1: SEGMENT | D1: CONCAT | E1: NAMEPLATE COUNTRY | F1: TRIM 1 | G1: TRIM 2 | H1: TRIM 3
A2: SAIL | B2: OBSOLETO | C2: =_xlfn.XLOOKUP(A2,SEGMENT!A:A,SEGMENT!B:B) -> CAR-B | D2: =_xlfn.CONCAT(A2," ",B2) -> SAIL OBSOLETO | E2: 310C HB | F2: 310C HB LT MT | G2: 310C HB LTZ MT | H2: 310C HB LTZ CVT
A3: BEAT | B3: OBSOLETO | C3: =_xlfn.XLOOKUP(A3,SEGMENT!A:A,SEGMENT!B:B) -> CAR-A | D3: =_xlfn.CONCAT(A3," ",B3) -> BEAT OBSOLETO | E3: BEAT | F3: BEAT LT BASE | G3: BEAT LT BASE + AC | H3: BEAT LT FULL
A4: BOLT | B4: OBSOLETO | C4: =_xlfn.XLOOKUP(A4,SEGMENT!A:A,SEGMENT!B:B) -> SUV-B | D4: =_xlfn.CONCAT(A4," ",B4) -> BOLT OBSOLETO | E4: BOLT | F4: BOLT EUV
A5: CAMARO | B5: OBSOLETO | C5: =_xlfn.XLOOKUP(A5,SEGMENT!A:A,SEGMENT!B:B) -> SPORT | D5: =_xlfn.CONCAT(A5," ",B5) -> CAMARO OBSOLETO | E5: CAMARO | F5: CAMARO COUPÉ 6.2 V8 SS AT
A6: CAPTIVA | B6: LTZ AT | C6: =_xlfn.XLOOKUP(A6,SEGMENT!A:A,SEGMENT!B:B) -> SUV-C | D6: =_xlfn.CONCAT(A6," ",B6) -> CAPTIVA LTZ AT | E6: CN202S | F6: NEW CAPTIVA Lv.2 AT 5 PAX
A7: CAPTIVA | B7: LTZ MT | C7: =_xlfn.XLOOKUP(A7,SEGMENT!A:A,SEGMENT!B:B) -> SUV-C | D7: =_xlfn.CONCAT(A7," ",B7) -> CAPTIVA LTZ MT | E7: CN202S | F7: NEW CAPTIVA Lv.2 MT 5 PAX
A8: CAPTIVA | B8: PREMIER AT | C8: =_xlfn.XLOOKUP(A8,SEGMENT!A:A,SEGMENT!B:B) -> SUV-C | D8: =_xlfn.CONCAT(A8," ",B8) -> CAPTIVA PREMIER AT | E8: CN202S | F8: NEW CAPTIVA Lv.3 AT 7 PAX
A9: CAPTIVA | B9: PREMIER MT | C9: =_xlfn.XLOOKUP(A9,SEGMENT!A:A,SEGMENT!B:B) -> SUV-C | D9: =_xlfn.CONCAT(A9," ",B9) -> CAPTIVA PREMIER MT | E9: CN202S | F9: NEW CAPTIVA Lv.3 MT 7 PAX
A10: CAPTIVA | B10: OBSOLETO | C10: =_xlfn.XLOOKUP(A10,SEGMENT!A:A,SEGMENT!B:B) -> SUV-C | D10: =_xlfn.CONCAT(A10," ",B10) -> CAPTIVA OBSOLETO | E10: CAPTIVA | F10: CAPTIVA 2.4 LS MT 2WD | G10: CAPTIVA 2.4 LS AT 2WD | H10: CAPTIVA 2.4 LS MT 2WD FULL
A11: CAPTIVA | B11: OBSOLETO | C11: =_xlfn.XLOOKUP(A11,SEGMENT!A:A,SEGMENT!B:B) -> SUV-C | D11: =_xlfn.CONCAT(A11," ",B11) -> CAPTIVA OBSOLETO | E11: CAPTIVA | F11: CAPTIVA 2.4 LS AT 2WD FULL | G11: CAPTIVA 2.4 LT AT AWD FULL DELUXE
A12: CAPTIVA | B12: OBSOLETO | C12: =_xlfn.XLOOKUP(A12,SEGMENT!A:A,SEGMENT!B:B) -> SUV-C | D12: =_xlfn.CONCAT(A12," ",B12) -> CAPTIVA OBSOLETO | E12: CN100V | F12: CN100V 1.2 MT MOVE | G12: CN100V 1.2 MT MOVE AC
A13: CAPTIVA EV | B13: EV | C13: =_xlfn.XLOOKUP(A13,SEGMENT!A:A,SEGMENT!B:B) -> SUV-C | D13: =_xlfn.CONCAT(A13," ",B13) -> CAPTIVA EV EV | E13: F510S EV | F13: F510S EV
A14: CAPTIVA PHEV | B14: PHEV | C14: =_xlfn.XLOOKUP(A14,SEGMENT!A:A,SEGMENT!B:B) -> SUV-C | D14: =_xlfn.CONCAT(A14," ",B14) -> CAPTIVA PHEV PHEV | E14: F510S PHEV | F14: F510S PHEV
A15: CAPTIVA EV | B15: EV | C15: =_xlfn.XLOOKUP(A15,SEGMENT!A:A,SEGMENT!B:B) -> SUV-C | D15: =_xlfn.CONCAT(A15," ",B15) -> CAPTIVA EV EV | E15: F510S | F15: F510S EV
A16: CAPTIVA PHEV | B16: PHEV | C16: =_xlfn.XLOOKUP(A16,SEGMENT!A:A,SEGMENT!B:B) -> SUV-C | D16: =_xlfn.CONCAT(A16," ",B16) -> CAPTIVA PHEV PHEV | E16: F510S | F16: F510S PHEV
A17: CAVALIER | B17: OBSOLETO | C17: =_xlfn.XLOOKUP(A17,SEGMENT!A:A,SEGMENT!B:B) -> CAR-C | D17: =_xlfn.CONCAT(A17," ",B17) -> CAVALIER OBSOLETO | E17: K216 | F17: K216 1.5 LS MT | G17: K216 1.5 LT MT | H17: K216 1.5 LTZ AT
A18: COBALT | B18: OBSOLETO | C18: =_xlfn.XLOOKUP(A18,SEGMENT!A:A,SEGMENT!B:B) -> CAR-B | D18: =_xlfn.CONCAT(A18," ",B18) -> COBALT OBSOLETO | E18: COBALT | F18: COBALT 1.8 LTZ MT | G18: COBALT 1.8 LTZ AT
A19: COLORADO | B19: HC AT | C19: =_xlfn.XLOOKUP(A19,SEGMENT!A:A,SEGMENT!B:B) -> PICKUP-D | D19: =_xlfn.CONCAT(A19," ",B19) -> COLORADO HC AT | E19: S10 | F19: S10 CREW CAB 2.8 DIESEL HIGH COUNTRY AT
A20: COLORADO | B20: LTZ MT | C20: =_xlfn.XLOOKUP(A20,SEGMENT!A:A,SEGMENT!B:B) -> PICKUP-D | D20: =_xlfn.CONCAT(A20," ",B20) -> COLORADO LTZ MT | E20: S10 | F20: S10 CREW CAB 2.8 DIESEL 4 DR LTZ
A21: COLORADO | B21: WT AT | C21: =_xlfn.XLOOKUP(A21,SEGMENT!A:A,SEGMENT!B:B) -> PICKUP-D | D21: =_xlfn.CONCAT(A21," ",B21) -> COLORADO WT AT | E21: S10 | F21: S10 CREW CAB 2.8 DIESEL 4 DR LT
A22: COLORADO | B22: Z71 AT | C22: =_xlfn.XLOOKUP(A22,SEGMENT!A:A,SEGMENT!B:B) -> PICKUP-D | D22: =_xlfn.CONCAT(A22," ",B22) -> COLORADO Z71 AT | E22: S10 | F22: S10 CREW CAB 2.8 DIESEL 4 DR ZL1 AT
A23: COLORADO | B23: OBSOLETO | C23: =_xlfn.XLOOKUP(A23,SEGMENT!A:A,SEGMENT!B:B) -> PICKUP-D | D23: =_xlfn.CONCAT(A23," ",B23) -> COLORADO OBSOLETO | E23: S10 | F23: S10 2.8 LT MT 4WD | G23: S10 CREW CAB 2.8 DIESEL 4 DR LTZ-AT | H23: S10 2.8 LT MT 4WD ABS DAB
A24: COLORADO | B24: OBSOLETO | C24: =_xlfn.XLOOKUP(A24,SEGMENT!A:A,SEGMENT!B:B) -> PICKUP-D | D24: =_xlfn.CONCAT(A24," ",B24) -> COLORADO OBSOLETO | E24: S10 | F24: S10 2.8 LTZ AT 4WD FULL | G24: S10 2.8 LTZ MT 4WD FULL | H24: S10 3.6 LTZ AT 2WD
A25: COLORADO | B25: OBSOLETO | C25: =_xlfn.XLOOKUP(A25,SEGMENT!A:A,SEGMENT!B:B) -> PICKUP-D | D25: =_xlfn.CONCAT(A25," ",B25) -> COLORADO OBSOLETO | E25: S10 | F25: S10 3.6 LTZ AT 4WD FULL | G25: S10 3.6 LTZ AT 2WD FULL | H25: S10 CREW CAB 2.8 DIESEL 4 MIDNIGHT AT
A26: COLORADO | B26: OBSOLETO | C26: =_xlfn.XLOOKUP(A26,SEGMENT!A:A,SEGMENT!B:B) -> PICKUP-D | D26: =_xlfn.CONCAT(A26," ",B26) -> COLORADO OBSOLETO | E26: S10 | F26: S10 CREW CAB 2.8 DIESEL 4 DR LS | G26: S10 CREW CAB 2.8 DIESEL 4 DR LS 4x2
A27: CRUZE | B27: OBSOLETO | C27: =_xlfn.XLOOKUP(A27,SEGMENT!A:A,SEGMENT!B:B) -> CAR-C | D27: =_xlfn.CONCAT(A27," ",B27) -> CRUZE OBSOLETO | E27: CRUZE | F27: CRUZE SEDAN 1.8 LS MT FULL | G27: CRUZE SEDAN 1.8 LS AT PREMIUM
A28: CRUZE D2 | B28: OBSOLETO | C28: =_xlfn.XLOOKUP(A28,SEGMENT!A:A,SEGMENT!B:B) -> CAR-C | D28: =_xlfn.CONCAT(A28," ",B28) -> CRUZE D2 OBSOLETO | E28: CRUZE D2 | F28: CRUZE SEDAN 1.4T LT MT
A29: EQUINOX | B29: OBSOLETO | C29: =_xlfn.XLOOKUP(A29,SEGMENT!A:A,SEGMENT!B:B) -> SUV-C | D29: =_xlfn.CONCAT(A29," ",B29) -> EQUINOX OBSOLETO | E29: EQUINOX | F29: EQUINOX LT AT | G29: EQUINOX LTZ AT | H29: EQUINOX RS AT
A30: EQUINOX EV | B30: LT AT | C30: =_xlfn.XLOOKUP(A30,SEGMENT!A:A,SEGMENT!B:B) -> SUV-C | D30: =_xlfn.CONCAT(A30," ",B30) -> EQUINOX EV LT AT | E30: EQUINOX | F30: EQUINOX EV AT
A31: GROOVE | B31: LT MT | C31: =_xlfn.XLOOKUP(A31,SEGMENT!A:A,SEGMENT!B:B) -> SUV-B | D31: =_xlfn.CONCAT(A31," ",B31) -> GROOVE LT MT | E31: GROOVE | F31: GROOVE 1.5 LT MT
A32: GROOVE | B32: PREMIER MT | C32: =_xlfn.XLOOKUP(A32,SEGMENT!A:A,SEGMENT!B:B) -> SUV-B | D32: =_xlfn.CONCAT(A32," ",B32) -> GROOVE PREMIER MT | E32: GROOVE | F32: GROOVE 1.5 PREMIER MT
A33: GROOVE | B33: RS MT | C33: =_xlfn.XLOOKUP(A33,SEGMENT!A:A,SEGMENT!B:B) -> SUV-B | D33: =_xlfn.CONCAT(A33," ",B33) -> GROOVE RS MT | E33: GROOVE | F33: GROOVE 1.5 RS MT
A34: GROOVE | B34: RS AT | C34: =_xlfn.XLOOKUP(A34,SEGMENT!A:A,SEGMENT!B:B) -> SUV-B | D34: =_xlfn.CONCAT(A34," ",B34) -> GROOVE RS AT | E34: GROOVE | F34: GROOVE 1.5 RS CVT
A35: GROOVE | B35: OBSOLETO | C35: =_xlfn.XLOOKUP(A35,SEGMENT!A:A,SEGMENT!B:B) -> SUV-B | D35: =_xlfn.CONCAT(A35," ",B35) -> GROOVE OBSOLETO | E35: GROOVE | F35: GROOVE 1.5 PREMIER AT
A36: JOY | B36: OBSOLETO | C36: =_xlfn.XLOOKUP(A36,SEGMENT!A:A,SEGMENT!B:B) -> CAR-B | D36: =_xlfn.CONCAT(A36," ",B36) -> JOY OBSOLETO | E36: JOY | F36: JOY 1.4L MT
A37: JOY NB | B37: OBSOLETO | C37: =_xlfn.XLOOKUP(A37,SEGMENT!A:A,SEGMENT!B:B) -> CAR-B | D37: =_xlfn.CONCAT(A37," ",B37) -> JOY NB OBSOLETO | E37: JOY SEDAN | F37: JOY SEDAN 1.4L MT
A38: MONTANA | B38: PREMIER AT | C38: =_xlfn.XLOOKUP(A38,SEGMENT!A:A,SEGMENT!B:B) -> PICKUP-C | D38: =_xlfn.CONCAT(A38," ",B38) -> MONTANA PREMIER AT | E38: NEW MONTANA | F38: MONTANA 1.2T PR AT
A39: MONTANA | B39: PREMIER MT | C39: =_xlfn.XLOOKUP(A39,SEGMENT!A:A,SEGMENT!B:B) -> PICKUP-C | D39: =_xlfn.CONCAT(A39," ",B39) -> MONTANA PREMIER MT | E39: NEW MONTANA | F39: MONTANA 1.2T PR MT
A40: MONTANA | B40: RS AT | C40: =_xlfn.XLOOKUP(A40,SEGMENT!A:A,SEGMENT!B:B) -> PICKUP-C | D40: =_xlfn.CONCAT(A40," ",B40) -> MONTANA RS AT | E40: NEW MONTANA | F40: MONTANA 1.2T RS AT
A41: MONTANA | B41: OBSOLETO | C41: =_xlfn.XLOOKUP(A41,SEGMENT!A:A,SEGMENT!B:B) -> PICKUP-C | D41: =_xlfn.CONCAT(A41," ",B41) -> MONTANA OBSOLETO | E41: NEW MONTANA | F41: MONTANA 1.2T LT MT
... A73: ORLANDO | B73: OBSOLETO | C73: =_xlfn.XLOOKUP(A73,SEGMENT!A:A,SEGMENT!B:B) -> MPV-B | D73: =_xlfn.CONCAT(A73," ",B73) -> ORLANDO OBSOLETO | E73: ORLANDO | F73: ORLANDO 2.4 LT AT
A74: PRISMA | B74: OBSOLETO | C74: =_xlfn.XLOOKUP(A74,SEGMENT!A:A,SEGMENT!B:B) -> CAR-B | D74: =_xlfn.CONCAT(A74," ",B74) -> PRISMA OBSOLETO | E74: PRISMA | F74: PRISMA 1.4L LT | G74: PRISMA 1.4L LTZ MT | H74: PRISMA 1.4L LTZ AT
A75: SAIL NB | B75: LT MT | C75: =_xlfn.XLOOKUP(A75,SEGMENT!A:A,SEGMENT!B:B) -> CAR-B | D75: =_xlfn.CONCAT(A75," ",B75) -> SAIL NB LT MT | E75: 310C SEDAN | F75: 310C Sedan LT MT
A76: SAIL NB | B76: OBSOLETO | C76: =_xlfn.XLOOKUP(A76,SEGMENT!A:A,SEGMENT!B:B) -> CAR-B | D76: =_xlfn.CONCAT(A76," ",B76) -> SAIL NB OBSOLETO | E76: 310C SEDAN | F76: 310C Sedan LTZ MT
A77: SAIL NB | B77: LTZ AT | C77: =_xlfn.XLOOKUP(A77,SEGMENT!A:A,SEGMENT!B:B) -> CAR-B | D77: =_xlfn.CONCAT(A77," ",B77) -> SAIL NB LTZ AT | E77: 310C SEDAN | F77: 310C Sedan LTZ CVT
A78: SAIL NB | B78: OBSOLETO | C78: =_xlfn.XLOOKUP(A78,SEGMENT!A:A,SEGMENT!B:B) -> CAR-B | D78: =_xlfn.CONCAT(A78," ",B78) -> SAIL NB OBSOLETO | E78: SAIL CLASSIC | F78: SAIL SEDAN 1.4 MT BASE | G78: SAIL SEDAN 1.4 MT | H78: SAIL SEDAN 1.4 LT MT FULL
A79: SAIL NB | B79: OBSOLETO | C79: =_xlfn.XLOOKUP(A79,SEGMENT!A:A,SEGMENT!B:B) -> CAR-B | D79: =_xlfn.CONCAT(A79," ",B79) -> SAIL NB OBSOLETO | E79: SAIL S3 | F79: SAIL 1.5 LS MT | G79: SAIL 1.5 LT MT | H79: SAIL 1.5 LT MT FULL
A80: SILVERADO | B80: Z71 AT | C80: =_xlfn.XLOOKUP(A80,SEGMENT!A:A,SEGMENT!B:B) -> PICKUP-E | D80: =_xlfn.CONCAT(A80," ",B80) -> SILVERADO Z71 AT | E80: SILVERADO | F80: TRAILBOSS Z71 5.3 AT
A81: SPARK EUV | B81: EUV | C81: =_xlfn.XLOOKUP(A81,SEGMENT!A:A,SEGMENT!B:B) -> SUV-B | D81: =_xlfn.CONCAT(A81," ",B81) -> SPARK EUV EUV | E81: 260S PLUS EV - SPARK EV | F81: 260S PLUS EV - SPARK EV
A82: SPARK GT | B82: OBSOLETO | C82: =_xlfn.XLOOKUP(A82,SEGMENT!A:A,SEGMENT!B:B) -> CAR-A | D82: =_xlfn.CONCAT(A82," ",B82) -> SPARK GT OBSOLETO | E82: SPARK GT | F82: SPARK GT 1.2 LT MT | G82: SPARK GT 1.2 LT MT BASE | H82: SPARK GT 1.2 LS MT
A83: SPARK GT | B83: OBSOLETO | C83: =_xlfn.XLOOKUP(A83,SEGMENT!A:A,SEGMENT!B:B) -> CAR-A | D83: =_xlfn.CONCAT(A83," ",B83) -> SPARK GT OBSOLETO | E83: SPARK GT | F83: SPARK GT 1.2 LS MT PLUS
A84: SPARK GT | B84: OBSOLETO | C84: =_xlfn.XLOOKUP(A84,SEGMENT!A:A,SEGMENT!B:B) -> CAR-A | D84: =_xlfn.CONCAT(A84," ",B84) -> SPARK GT OBSOLETO | E84: SPARK GT MCM | F84: SPARK GT MCM LS MT | G84: SPARK GT MCM LS MT PLUS | H84: SPARK GT MCM LT MT
A85: SPIN | B85: OBSOLETO | C85: =_xlfn.XLOOKUP(A85,SEGMENT!A:A,SEGMENT!B:B) -> MPV-B | D85: =_xlfn.CONCAT(A85," ",B85) -> SPIN OBSOLETO | E85: SPIN | F85: SPIN 1.8 LTZ MT
A86: SPIN | B86: OBSOLETO | C86: =_xlfn.XLOOKUP(A86,SEGMENT!A:A,SEGMENT!B:B) -> MPV-B | D86: =_xlfn.CONCAT(A86," ",B86) -> SPIN OBSOLETO | E86: SPIN | F86: SPIN 1.8 LTZ AT
A87: SPIN | B87: OBSOLETO | C87: =_xlfn.XLOOKUP(A87,SEGMENT!A:A,SEGMENT!B:B) -> MPV-B | D87: =_xlfn.CONCAT(A87," ",B87) -> SPIN OBSOLETO | E87: SPIN | F87: SPIN ACTIVE MT
A88: SPIN | B88: OBSOLETO | C88: =_xlfn.XLOOKUP(A88,SEGMENT!A:A,SEGMENT!B:B) -> MPV-B | D88: =_xlfn.CONCAT(A88," ",B88) -> SPIN OBSOLETO | E88: SPIN | F88: SPIN ACTIVE 3F AT
A89: SUBURBAN | B89: Z71 AT | C89: =_xlfn.XLOOKUP(A89,SEGMENT!A:A,SEGMENT!B:B) -> SUV-E | D89: =_xlfn.CONCAT(A89," ",B89) -> SUBURBAN Z71 AT | E89: SUBURBAN | F89: SUBURBAN 5.3 V8 LT AT 4WD
A90: TAHOE | B90: Z71 AT | C90: =_xlfn.XLOOKUP(A90,SEGMENT!A:A,SEGMENT!B:B) -> SUV-E | D90: =_xlfn.CONCAT(A90," ",B90) -> TAHOE Z71 AT | E90: TAHOE | F90: TAHOE 5.3 V8 LT AT 4WD
A91: TRACKER | B91: OBSOLETO | C91: =_xlfn.XLOOKUP(A91,SEGMENT!A:A,SEGMENT!B:B) -> SUV-B | D91: =_xlfn.CONCAT(A91," ",B91) -> TRACKER OBSOLETO | E91: NEW TRACKER | F91: TRACKER TURBO 1.2T MT
A92: TRACKER | B92: OBSOLETO | C92: =_xlfn.XLOOKUP(A92,SEGMENT!A:A,SEGMENT!B:B) -> SUV-B | D92: =_xlfn.CONCAT(A92," ",B92) -> TRACKER OBSOLETO | E92: NEW TRACKER | F92: TRACKER TURBO 1.2T LS AT
A93: TRACKER | B93: OBSOLETO | C93: =_xlfn.XLOOKUP(A93,SEGMENT!A:A,SEGMENT!B:B) -> SUV-B | D93: =_xlfn.CONCAT(A93," ",B93) -> TRACKER OBSOLETO | E93: NEW TRACKER | F93: TRACKER TURBO 1.2T PREMIER AT
A94: TRACKER | B94: LTZ AT | C94: =_xlfn.XLOOKUP(A94,SEGMENT!A:A,SEGMENT!B:B) -> SUV-B | D94: =_xlfn.CONCAT(A94," ",B94) -> TRACKER LTZ AT | E94: NEW TRACKER | F94: TRACKER TURBO 1.2T LTZ AT
A95: TRACKER | B95: LTZ MT | C95: =_xlfn.XLOOKUP(A95,SEGMENT!A:A,SEGMENT!B:B) -> SUV-B | D95: =_xlfn.CONCAT(A95," ",B95) -> TRACKER LTZ MT | E95: NEW TRACKER | F95: TRACKER TURBO 1.2T LTZ MT
A96: TRACKER | B96: RS AT | C96: =_xlfn.XLOOKUP(A96,SEGMENT!A:A,SEGMENT!B:B) -> SUV-B | D96: =_xlfn.CONCAT(A96," ",B96) -> TRACKER RS AT | E96: NEW TRACKER | F96: TRACKER TURBO 1.2T RS AT
... A103: TRAVERSE | B103: RS AT | C103: =_xlfn.XLOOKUP(A103,SEGMENT!A:A,SEGMENT!B:B) -> SUV-D | D103: =_xlfn.CONCAT(A103," ",B103) -> TRAVERSE RS AT | E103: NEW TRAVERSE | F103: NEW TRAVERSE 3.6 RS
A104: TRAVERSE | B104: OBSOLETO | C104: =_xlfn.XLOOKUP(A104,SEGMENT!A:A,SEGMENT!B:B) -> SUV-D | D104: =_xlfn.CONCAT(A104," ",B104) -> TRAVERSE OBSOLETO | E104: TRAVERSE | F104: TRAVERSE 3.6 LT AT FWD | G104: TRAVERSE 3.6 LT AT AWD
A105: EQUINOX | B105: OBSOLETO | C105: =_xlfn.XLOOKUP(A105,SEGMENT!A:A,SEGMENT!B:B) -> SUV-C | D105: =_xlfn.CONCAT(A105," ",B105) -> EQUINOX OBSOLETO | E105: EQUINOX | F105: EQUINOX Z71 AT
A106: COLORADO | B106: TRAILBOSS 4X4 AT | C106: =_xlfn.XLOOKUP(A106,SEGMENT!A:A,SEGMENT!B:B) -> PICKUP-D | D106: =_xlfn.CONCAT(A106," ",B106) -> COLORADO TRAILBOSS 4X4 AT | E106: S10 | F106: S10 TRAILBOSS 4X4 AT
A107: COLORADO | B107: WT 4X4 AT | C107: =_xlfn.XLOOKUP(A107,SEGMENT!A:A,SEGMENT!B:B) -> PICKUP-D | D107: =_xlfn.CONCAT(A107," ",B107) -> COLORADO WT 4X4 AT | E107: S10 | F107: S10 WT 4X4 AT
A108: COLORADO | B108: WT 4X2 MT | C108: =_xlfn.XLOOKUP(A108,SEGMENT!A:A,SEGMENT!B:B) -> PICKUP-D | D108: =_xlfn.CONCAT(A108," ",B108) -> COLORADO WT 4X2 MT | E108: S10 | F108: S10 WT 4X2 MT
A109: COLORADO | B109: ZR2 4X4 AT | C109: =_xlfn.XLOOKUP(A109,SEGMENT!A:A,SEGMENT!B:B) -> PICKUP-D | D109: =_xlfn.CONCAT(A109," ",B109) -> COLORADO ZR2 4X4 AT | E109: S10 | F109: S10 ZR2 4X4 AT
A110: SONIC | B110: MHEV | C110: =_xlfn.XLOOKUP(A110,SEGMENT!A:A,SEGMENT!B:B) -> SUV-B | D110: =_xlfn.CONCAT(A110," ",B110) -> SONIC MHEV | E110: SONIC | F110: SONIC MHEV
A111: GROOVE | B111: LTZ MT | C111: =_xlfn.XLOOKUP(A111,SEGMENT!A:A,SEGMENT!B:B) -> SUV-B | D111: =_xlfn.CONCAT(A111," ",B111) -> GROOVE LTZ MT | E111: GROOVE | F111: GROOVE 1.5 LTZ MT
A112: SONIC | B112: PRIME AT | C112: =_xlfn.XLOOKUP(A112,SEGMENT!A:A,SEGMENT!B:B) -> SUV-B | D112: =_xlfn.CONCAT(A112," ",B112) -> SONIC PRIME AT | E112: SONIC | F112: SONIC PRIME AT
A113: SONIC | B113: RS AT | C113: =_xlfn.XLOOKUP(A113,SEGMENT!A:A,SEGMENT!B:B) -> SUV-B | D113: =_xlfn.CONCAT(A113," ",B113) -> SONIC RS AT | E113: SONIC | F113: SONIC RS AT
A114: SONIC | B114: LT AT | C114: =_xlfn.XLOOKUP(A114,SEGMENT!A:A,SEGMENT!B:B) -> SUV-B | D114: =_xlfn.CONCAT(A114," ",B114) -> SONIC LT AT | E114: SONIC | F114: SONIC LT AT
A115: SONIC | B115: ACTIV AT | C115: =_xlfn.XLOOKUP(A115,SEGMENT!A:A,SEGMENT!B:B) -> SUV-B | D115: =_xlfn.CONCAT(A115," ",B115) -> SONIC ACTIV AT | E115: SONIC | F115: SONIC ACTIV AT
A116: SONIC MHEV | B116: PRIME AT | C116: =_xlfn.XLOOKUP(A116,SEGMENT!A:A,SEGMENT!B:B) -> SUV-B | D116: =_xlfn.CONCAT(A116," ",B116) -> SONIC MHEV PRIME AT | E116: SONIC MHEV | F116: SONIC PRIME AT MHEV
A117: SONIC MHEV | B117: RS AT | C117: =_xlfn.XLOOKUP(A117,SEGMENT!A:A,SEGMENT!B:B) -> SUV-B | D117: =_xlfn.CONCAT(A117," ",B117) -> SONIC MHEV RS AT | E117: SONIC MHEV | F117: SONIC RS AT MHEV
A118: GMICA | B118: GMICA | C118: =_xlfn.XLOOKUP(A118,SEGMENT!A:A,SEGMENT!B:B) -> B&T | D118: =_xlfn.CONCAT(A118," ",B118) -> GMICA GMICA | E118: ISUZU

Sheet ECUADOR
A1: NAMEPLATE | B1: TRIM | C1: SEGMENT | D1: CONCAT | E1: NAMEPLATE COUNTRY | F1: TRIM 1 | G1: TRIM 2 | H1: TRIM 3
A2: BLAZER EV | B2: RS AT | C2: =_xlfn.XLOOKUP(A2,SEGMENT!A:A,SEGMENT!B:B) -> SUV-D | D2: =_xlfn.CONCAT(A2," ",B2) -> BLAZER EV RS AT | E2: BLAZER | F2: BLAZER EV RS AWD
A3: BOLT EUV | B3: OBSOLETO | C3: =_xlfn.XLOOKUP(A3,SEGMENT!A:A,SEGMENT!B:B) -> SUV-B | D3: =_xlfn.CONCAT(A3," ",B3) -> BOLT EUV OBSOLETO | E3: BOLT | F3: BOLT EUV
A4: CAPTIVA | B4: LT MT | C4: =_xlfn.XLOOKUP(A4,SEGMENT!A:A,SEGMENT!B:B) -> SUV-C | D4: =_xlfn.CONCAT(A4," ",B4) -> CAPTIVA LT MT | E4: CAPTIVA | F4: Captiva LT TM
A5: CAPTIVA | B5: LT AT | C5: =_xlfn.XLOOKUP(A5,SEGMENT!A:A,SEGMENT!B:B) -> SUV-C | D5: =_xlfn.CONCAT(A5," ",B5) -> CAPTIVA LT AT | E5: CAPTIVA | F5: Captiva LT TA
A6: CAPTIVA | B6: PREMIER AT | C6: =_xlfn.XLOOKUP(A6,SEGMENT!A:A,SEGMENT!B:B) -> SUV-C | D6: =_xlfn.CONCAT(A6," ",B6) -> CAPTIVA PREMIER AT | E6: CAPTIVA | F6: Captiva TA 7 pax premier
A7: CAPTIVA | B7: PREMIER MT | C7: =_xlfn.XLOOKUP(A7,SEGMENT!A:A,SEGMENT!B:B) -> SUV-C | D7: =_xlfn.CONCAT(A7," ",B7) -> CAPTIVA PREMIER MT | E7: CAPTIVA | F7: Captiva TM 7 pax premier
A8: CAPTIVA NEV | B8: EUV | C8: =_xlfn.XLOOKUP(A8,SEGMENT!A:A,SEGMENT!B:B) -> SUV-C | D8: =_xlfn.CONCAT(A8," ",B8) -> CAPTIVA NEV EUV | E8: Captiva EV | F8: F510s
A9: CAPTIVA NEV | B9: PHEV | C9: =_xlfn.XLOOKUP(A9,SEGMENT!A:A,SEGMENT!B:B) -> SUV-C | D9: =_xlfn.CONCAT(A9," ",B9) -> CAPTIVA NEV PHEV | E9: Captiva PHEV | F9: F510s PHEV
A10: CAPTIVA NEV | B10: EUV | C10: =_xlfn.XLOOKUP(A10,SEGMENT!A:A,SEGMENT!B:B) -> SUV-C | D10: =_xlfn.CONCAT(A10," ",B10) -> CAPTIVA NEV EUV | E10: F510s | F10: F510s
A11: CAPTIVA NEV | B11: PHEV | C11: =_xlfn.XLOOKUP(A11,SEGMENT!A:A,SEGMENT!B:B) -> SUV-C | D11: =_xlfn.CONCAT(A11," ",B11) -> CAPTIVA NEV PHEV | E11: F510S | F11: F510s PHEV
A12: COLORADO | B12: OBSOLETO | C12: =_xlfn.XLOOKUP(A12,SEGMENT!A:A,SEGMENT!B:B) -> PICKUP-D | D12: =_xlfn.CONCAT(A12," ",B12) -> COLORADO OBSOLETO | E12: COLORADO | F12: Colorado LT TM
A13: COLORADO | B13: HC AT | C13: =_xlfn.XLOOKUP(A13,SEGMENT!A:A,SEGMENT!B:B) -> PICKUP-D | D13: =_xlfn.CONCAT(A13," ",B13) -> COLORADO HC AT | E13: COLORADO | F13: Colorado HC AT
... A30: GROOVE | B30: RS MT | C30: =_xlfn.XLOOKUP(A30,SEGMENT!A:A,SEGMENT!B:B) -> SUV-B | D30: =_xlfn.CONCAT(A30," ",B30) -> GROOVE RS MT | E30: NEW GROOVE | F30: NEW GROOVE RS AC 1.5 5P 4X2 TM
A31: JOY | B31: OBSOLETO | C31: =_xlfn.XLOOKUP(A31,SEGMENT!A:A,SEGMENT!B:B) -> CAR-B | D31: =_xlfn.CONCAT(A31," ",B31) -> JOY OBSOLETO | E31: JOY | F31: Joy HB BASE | G31: JOY HB BLACK | H31: JOY HB
A32: JOY NB | B32: OBSOLETO | C32: =_xlfn.XLOOKUP(A32,SEGMENT!A:A,SEGMENT!B:B) -> CAR-B | D32: =_xlfn.CONCAT(A32," ",B32) -> JOY NB OBSOLETO | E32: JOY PLUS | F32: JOY NB BLACK
A33: JOY NB | B33: OBSOLETO | C33: =_xlfn.XLOOKUP(A33,SEGMENT!A:A,SEGMENT!B:B) -> CAR-B | D33: =_xlfn.CONCAT(A33," ",B33) -> JOY NB OBSOLETO | E33: JOY PLUS | F33: JOY NB
A34: MONTANA | B34: PREMIER MT | C34: =_xlfn.XLOOKUP(A34,SEGMENT!A:A,SEGMENT!B:B) -> PICKUP-C | D34: =_xlfn.CONCAT(A34," ",B34) -> MONTANA PREMIER MT | E34: MONTANA | F34: MONTANA PREMIER TM
A35: MONTANA | B35: RS AT | C35: =_xlfn.XLOOKUP(A35,SEGMENT!A:A,SEGMENT!B:B) -> PICKUP-C | D35: =_xlfn.CONCAT(A35," ",B35) -> MONTANA RS AT | E35: MONTANA | F35: MONTANA RS TA
A36: N400 | B36: CARGO FULL | C36: =_xlfn.XLOOKUP(A36,SEGMENT!A:A,SEGMENT!B:B) -> VAN-B | D36: =_xlfn.CONCAT(A36," ",B36) -> N400 CARGO FULL | E36: N400 | F36: N400 CARGO
A37: N400 | B37: PASS FULL | C37: =_xlfn.XLOOKUP(A37,SEGMENT!A:A,SEGMENT!B:B) -> VAN-B | D37: =_xlfn.CONCAT(A37," ",B37) -> N400 PASS FULL | E37: N400 | F37: N400 PASAJEROS
A38: ONIX | B38: LTZ MT | C38: =_xlfn.XLOOKUP(A38,SEGMENT!A:A,SEGMENT!B:B) -> CAR-B | D38: =_xlfn.CONCAT(A38," ",B38) -> ONIX LTZ MT | E38: ONIX | F38: ONIX 1.4L LTZ MT
A39: ONIX | B39: LTZ AT | C39: =_xlfn.XLOOKUP(A39,SEGMENT!A:A,SEGMENT!B:B) -> CAR-B | D39: =_xlfn.CONCAT(A39," ",B39) -> ONIX LTZ AT | E39: ONIX | F39: ONIX 1.4L LTZ AT
A40: ONIX | B40: RS MT | C40: =_xlfn.XLOOKUP(A40,SEGMENT!A:A,SEGMENT!B:B) -> CAR-B | D40: =_xlfn.CONCAT(A40," ",B40) -> ONIX RS MT | E40: ONIX | F40: Onix HB Turbo RS MT
A41: ONIX | B41: OBSOLETO | C41: =_xlfn.XLOOKUP(A41,SEGMENT!A:A,SEGMENT!B:B) -> CAR-B | D41: =_xlfn.CONCAT(A41," ",B41) -> ONIX OBSOLETO | E41: ONIX | F41: ONIX HB LT | G41: ONIX 1.4L LT MT
A42: ONIX | B42: OBSOLETO | C42: =_xlfn.XLOOKUP(A42,SEGMENT!A:A,SEGMENT!B:B) -> CAR-B | D42: =_xlfn.CONCAT(A42," ",B42) -> ONIX OBSOLETO | E42: ONIX | F42: ONIX NB LT
A43: ONIX NB | B43: LTZ MT | C43: =_xlfn.XLOOKUP(A43,SEGMENT!A:A,SEGMENT!B:B) -> CAR-B | D43: =_xlfn.CONCAT(A43," ",B43) -> ONIX NB LTZ MT | E43: ONIX PLUS | F43: Onix NB Turbo LTZ MT
A44: ONIX NB | B44: PREMIER AT | C44: =_xlfn.XLOOKUP(A44,SEGMENT!A:A,SEGMENT!B:B) -> CAR-B | D44: =_xlfn.CONCAT(A44," ",B44) -> ONIX NB PREMIER AT | E44: ONIX PLUS | F44: Onix NB Turbo Premier AT
A45: OTHER | B45: OTHER | C45: =_xlfn.XLOOKUP(A45,SEGMENT!A:A,SEGMENT!B:B) -> OTROS | D45: =_xlfn.CONCAT(A45," ",B45) -> OTHER OTHER | E45: Other | F45: Other
A46: SAIL | B46: OBSOLETO | C46: =_xlfn.XLOOKUP(A46,SEGMENT!A:A,SEGMENT!B:B) -> CAR-B | D46: =_xlfn.CONCAT(A46," ",B46) -> SAIL OBSOLETO | E46: SAIL | F46: SAIL A/C | G46: SAIL STD
A47: SAIL | B47: PREMIER | C47: =_xlfn.XLOOKUP(A47,SEGMENT!A:A,SEGMENT!B:B) -> CAR-B | D47: =_xlfn.CONCAT(A47," ",B47) -> SAIL PREMIER | E47: SAIL | F47: SAIL HB PREMIER
A48: SAIL NB | B48: LT AT | C48: =_xlfn.XLOOKUP(A48,SEGMENT!A:A,SEGMENT!B:B) -> CAR-B | D48: =_xlfn.CONCAT(A48," ",B48) -> SAIL NB LT AT | E48: SAIL PLUS | F48: SAIL PLUS
A49: SILVERADO | B49: Z71 AT | C49: =_xlfn.XLOOKUP(A49,SEGMENT!A:A,SEGMENT!B:B) -> PICKUP-E | D49: =_xlfn.CONCAT(A49," ",B49) -> SILVERADO Z71 AT | E49: SILVERADO | F49: SILVERADO
A50: SPARK EUV | B50: EUV | C50: =_xlfn.XLOOKUP(A50,SEGMENT!A:A,SEGMENT!B:B) -> SUV-B | D50: =_xlfn.CONCAT(A50," ",B50) -> SPARK EUV EUV | E50: SPARK EUV | F50: SPARK EUV
A51: SUBURBAN | B51: Z71 AT | C51: =_xlfn.XLOOKUP(A51,SEGMENT!A:A,SEGMENT!B:B) -> SUV-E | D51: =_xlfn.CONCAT(A51," ",B51) -> SUBURBAN Z71 AT | E51: SUBURBAN | F51: SUBURBAN
A52: TAHOE | B52: Z71 AT | C52: =_xlfn.XLOOKUP(A52,SEGMENT!A:A,SEGMENT!B:B) -> SUV-E | D52: =_xlfn.CONCAT(A52," ",B52) -> TAHOE Z71 AT | E52: TAHOE | F52: TAHOE Z71 AC 5.3 5P 4x4 TA
A53: TRACKER | B53: LS AT | C53: =_xlfn.XLOOKUP(A53,SEGMENT!A:A,SEGMENT!B:B) -> SUV-B | D53: =_xlfn.CONCAT(A53," ",B53) -> TRACKER LS AT | E53: TRACKER | F53: TRACKER LT TURBO 1.2 TA
A54: TRACKER | B54: LS MT | C54: =_xlfn.XLOOKUP(A54,SEGMENT!A:A,SEGMENT!B:B) -> SUV-B | D54: =_xlfn.CONCAT(A54," ",B54) -> TRACKER LS MT | E54: TRACKER | F54: TRACKER LT TURBO 1.2 TM
A55: TRACKER | B55: LTZ AT | C55: =_xlfn.XLOOKUP(A55,SEGMENT!A:A,SEGMENT!B:B) -> SUV-B | D55: =_xlfn.CONCAT(A55," ",B55) -> TRACKER LTZ AT | E55: TRACKER | F55: TRACKER LTZ TURBO 1.2 TA
A56: TRACKER | B56: LTZ MT | C56: =_xlfn.XLOOKUP(A56,SEGMENT!A:A,SEGMENT!B:B) -> SUV-B | D56: =_xlfn.CONCAT(A56," ",B56) -> TRACKER LTZ MT | E56: TRACKER | F56: TRACKER LTZ TURBO MCM AT
A57: TRACKER | B57: PREMIER AT | C57: =_xlfn.XLOOKUP(A57,SEGMENT!A:A,SEGMENT!B:B) -> SUV-B | D57: =_xlfn.CONCAT(A57," ",B57) -> TRACKER PREMIER AT | E57: TRACKER | F57: TRACKER PREMIER TURBO 1.2 TA
A58: TRACKER | B58: RS AT | C58: =_xlfn.XLOOKUP(A58,SEGMENT!A:A,SEGMENT!B:B) -> SUV-B | D58: =_xlfn.CONCAT(A58," ",B58) -> TRACKER RS AT | E58: TRACKER | F58: TRACKER RS TURBO 1.2 TA
... A104: GMICA | B104: GMICA | C104: =_xlfn.XLOOKUP(A104,SEGMENT!A:A,SEGMENT!B:B) -> B&T | D104: =_xlfn.CONCAT(A104," ",B104) -> GMICA GMICA | E104: T&B | F104: Other

Sheet COLOMBIA
A1: NAMEPLATE | B1: TRIM | C1: SEGMENT | D1: CONCAT | E1: NAMEPLATE COUNTRY | F1: TRIM 1 | G1: TRIM 2 | H1: TRIM 3
A2: BLAZER | B2: RS AT | C2: =_xlfn.XLOOKUP(A2,SEGMENT!A:A,SEGMENT!B:B) -> SUV-D | D2: =_xlfn.CONCAT(A2," ",B2) -> BLAZER RS AT | E2: 12. BLAZER | F2: RS 3.6 AT
A3: BLAZER EV | B3: RS AT | C3: =_xlfn.XLOOKUP(A3,SEGMENT!A:A,SEGMENT!B:B) -> SUV-D | D3: =_xlfn.CONCAT(A3," ",B3) -> BLAZER EV RS AT | E3: 13. BLAZER EV | F3: BLAZER EV
A4: BOLT EUV | B4: LT AT | C4: =_xlfn.XLOOKUP(A4,SEGMENT!A:A,SEGMENT!B:B) -> SUV-B | D4: =_xlfn.CONCAT(A4," ",B4) -> BOLT EUV LT AT | E4: 08. BOLT | F4: EUV
A5: BOLT EUV | B5: LT AT | C5: =_xlfn.XLOOKUP(A5,SEGMENT!A:A,SEGMENT!B:B) -> SUV-B | D5: =_xlfn.CONCAT(A5," ",B5) -> BOLT EUV LT AT | E5: 26. BOLT | F5: EUV
A6: CADILLAC | B6: CADILLAC | C6: =_xlfn.XLOOKUP(A6,SEGMENT!A:A,SEGMENT!B:B) -> CADILLAC | D6: =_xlfn.CONCAT(A6," ",B6) -> CADILLAC CADILLAC | E6: 23. CADILLAC | F6: CADILLAC
A7: CAMARO | B7: SS AT | C7: =_xlfn.XLOOKUP(A7,SEGMENT!A:A,SEGMENT!B:B) -> SPORT | D7: =_xlfn.CONCAT(A7," ",B7) -> CAMARO SS AT | E7: 16. CAMARO | F7: SS
A8: CAMARO | B8: ZL1 | C8: =_xlfn.XLOOKUP(A8,SEGMENT!A:A,SEGMENT!B:B) -> SPORT | D8: =_xlfn.CONCAT(A8," ",B8) -> CAMARO ZL1 | E8: 16. CAMARO | F8: ZL1
A9: CAPTIVA | B9: LT AT | C9: =_xlfn.XLOOKUP(A9,SEGMENT!A:A,SEGMENT!B:B) -> SUV-C | D9: =_xlfn.CONCAT(A9," ",B9) -> CAPTIVA LT AT | E9: 08. CAPTIVA TURBO | F9: LT CVT 5P
A10: CAPTIVA NEV | B10: EUV | C10: =_xlfn.XLOOKUP(A10,SEGMENT!A:A,SEGMENT!B:B) -> SUV-C | D10: =_xlfn.CONCAT(A10," ",B10) -> CAPTIVA NEV EUV | E10: 09. CAPTIVA EV | F10: F510S (EV)
A11: CAPTIVA NEV | B11: PHEV | C11: =_xlfn.XLOOKUP(A11,SEGMENT!A:A,SEGMENT!B:B) -> SUV-C | D11: =_xlfn.CONCAT(A11," ",B11) -> CAPTIVA NEV PHEV | E11: 09. CAPTIVA PHEV | F11: F510S (EV)
A12: CAPTIVA | B12: PREMIER AT | C12: =_xlfn.XLOOKUP(A12,SEGMENT!A:A,SEGMENT!B:B) -> SUV-C | D12: =_xlfn.CONCAT(A12," ",B12) -> CAPTIVA PREMIER AT | E12: 08. CAPTIVA TURBO | F12: PREMIER CVT 7P
A13: COLORADO | B13: OBSOLETO | C13: =_xlfn.XLOOKUP(A13,SEGMENT!A:A,SEGMENT!B:B) -> PICKUP-D | D13: =_xlfn.CONCAT(A13," ",B13) -> COLORADO OBSOLETO | E13: 18. COLORADO | F13: Drops/Old Versions
... A21: JOY | B21: BLACK MT | C21: =_xlfn.XLOOKUP(A21,SEGMENT!A:A,SEGMENT!B:B) -> CAR-B | D21: =_xlfn.CONCAT(A21," ",B21) -> JOY BLACK MT | E21: 02. JOY HB | F21: LT (BLACK)
A22: JOY NB | B22: BASE | C22: =_xlfn.XLOOKUP(A22,SEGMENT!A:A,SEGMENT!B:B) -> CAR-B | D22: =_xlfn.CONCAT(A22," ",B22) -> JOY NB BASE | E22: 01. JOY NB | F22: BASE | G22: JOY NB
A23: JOY NB | B23: BLACK MT | C23: =_xlfn.XLOOKUP(A23,SEGMENT!A:A,SEGMENT!B:B) -> CAR-B | D23: =_xlfn.CONCAT(A23," ",B23) -> JOY NB BLACK MT | E23: 01. JOY NB | F23: LT (BLACK)
A24: MONTANA | B24: OBSOLETO | C24: =_xlfn.XLOOKUP(A24,SEGMENT!A:A,SEGMENT!B:B) -> PICKUP-C | D24: =_xlfn.CONCAT(A24," ",B24) -> MONTANA OBSOLETO | E24: 17. MONTANA | F24: Drops/Old Versions
A25: MONTANA | B25: LTZ AT | C25: =_xlfn.XLOOKUP(A25,SEGMENT!A:A,SEGMENT!B:B) -> PICKUP-C | D25: =_xlfn.CONCAT(A25," ",B25) -> MONTANA LTZ AT | E25: 17. MONTANA | F25: LTZ
A26: MONTANA | B26: PREMIER AT | C26: =_xlfn.XLOOKUP(A26,SEGMENT!A:A,SEGMENT!B:B) -> PICKUP-C | D26: =_xlfn.CONCAT(A26," ",B26) -> MONTANA PREMIER AT | E26: 17. MONTANA | F26: PREMIER
A27: MONTANA | B27: RS AT | C27: =_xlfn.XLOOKUP(A27,SEGMENT!A:A,SEGMENT!B:B) -> PICKUP-C | D27: =_xlfn.CONCAT(A27," ",B27) -> MONTANA RS AT | E27: 17. MONTANA | F27: RS
A28: N400 | B28: CARGO | C28: =_xlfn.XLOOKUP(A28,SEGMENT!A:A,SEGMENT!B:B) -> VAN-B | D28: =_xlfn.CONCAT(A28," ",B28) -> N400 CARGO | E28: 21. N400 | F28: CARGO FULL
A29: N400 | B29: PASS | C29: =_xlfn.XLOOKUP(A29,SEGMENT!A:A,SEGMENT!B:B) -> VAN-B | D29: =_xlfn.CONCAT(A29," ",B29) -> N400 PASS | E29: 21. N400 | F29: PASAJEROS FULL
A30: ONIX | B30: OBSOLETO | C30: =_xlfn.XLOOKUP(A30,SEGMENT!A:A,SEGMENT!B:B) -> CAR-B | D30: =_xlfn.CONCAT(A30," ",B30) -> ONIX OBSOLETO | E30: 04. ONIX TURBO HB | F30: Drops/Old Versions
A31: ONIX | B31: RS MT | C31: =_xlfn.XLOOKUP(A31,SEGMENT!A:A,SEGMENT!B:B) -> CAR-B | D31: =_xlfn.CONCAT(A31," ",B31) -> ONIX RS MT | E31: 04. ONIX TURBO HB | F31: RS MT
A32: ONIX | B32: RS AT | C32: =_xlfn.XLOOKUP(A32,SEGMENT!A:A,SEGMENT!B:B) -> CAR-B | D32: =_xlfn.CONCAT(A32," ",B32) -> ONIX RS AT | E32: 04. ONIX TURBO HB | F32: RS AT
A33: ONIX | B33: PREMIER AT | C33: =_xlfn.XLOOKUP(A33,SEGMENT!A:A,SEGMENT!B:B) -> CAR-B | D33: =_xlfn.CONCAT(A33," ",B33) -> ONIX PREMIER AT | E33: 04. ONIX TURBO HB | F33: PREMIER AT
A34: ONIX NB | B34: LT MT | C34: =_xlfn.XLOOKUP(A34,SEGMENT!A:A,SEGMENT!B:B) -> CAR-B | D34: =_xlfn.CONCAT(A34," ",B34) -> ONIX NB LT MT | E34: 03. ONIX TURBO NB | F34: LT MT
... A50: SPIN | B50: LTZ AT | C50: =_xlfn.XLOOKUP(A50,SEGMENT!A:A,SEGMENT!B:B) -> MPV-B | D50: =_xlfn.CONCAT(A50," ",B50) -> SPIN LTZ AT | E50: 20. SPIN | F50: LTZ AT
A51: TAHOE | B51: Z71 AT | C51: =_xlfn.XLOOKUP(A51,SEGMENT!A:A,SEGMENT!B:B) -> SUV-E | D51: =_xlfn.CONCAT(A51," ",B51) -> TAHOE Z71 AT | E51: 15. TAHOE | F51: 5.3 LT 4X4 | G51: 5.3 Z71 4X4
A52: TAXI | B52: TAXI | C52: =_xlfn.XLOOKUP(A52,SEGMENT!A:A,SEGMENT!B:B) -> OTROS | D52: =_xlfn.CONCAT(A52," ",B52) -> TAXI TAXI | E52: 22. TAXI | F52: JOY
A53: TRACKER | B53: LS MT | C53: =_xlfn.XLOOKUP(A53,SEGMENT!A:A,SEGMENT!B:B) -> SUV-B | D53: =_xlfn.CONCAT(A53," ",B53) -> TRACKER LS MT | E53: 07. TRACKER TURBO | F53: LS MT
A54: TRACKER | B54: LS AT | C54: =_xlfn.XLOOKUP(A54,SEGMENT!A:A,SEGMENT!B:B) -> SUV-B | D54: =_xlfn.CONCAT(A54," ",B54) -> TRACKER LS AT | E54: 07. TRACKER TURBO | F54: LS AT
A55: TRACKER | B55: LTZ AT | C55: =_xlfn.XLOOKUP(A55,SEGMENT!A:A,SEGMENT!B:B) -> SUV-B | D55: =_xlfn.CONCAT(A55," ",B55) -> TRACKER LTZ AT | E55: 07. TRACKER TURBO | F55: LTZ AT
A56: TRACKER | B56: PREMIER AT | C56: =_xlfn.XLOOKUP(A56,SEGMENT!A:A,SEGMENT!B:B) -> SUV-B | D56: =_xlfn.CONCAT(A56," ",B56) -> TRACKER PREMIER AT | E56: 07. TRACKER TURBO | F56: PREMIER AT
A57: TRACKER | B57: RS AT | C57: =_xlfn.XLOOKUP(A57,SEGMENT!A:A,SEGMENT!B:B) -> SUV-B | D57: =_xlfn.CONCAT(A57," ",B57) -> TRACKER RS AT | E57: 07. TRACKER TURBO | F57: RS
A58: TRACKER | B58: LS MT | C58: =_xlfn.XLOOKUP(A58,SEGMENT!A:A,SEGMENT!B:B) -> SUV-B | D58: =_xlfn.CONCAT(A58," ",B58) -> TRACKER LS MT | E58: 07. TRACKER TURBO | F58: LS MT (D)-MCM
A59: TRACKER | B59: LS AT | C59: =_xlfn.XLOOKUP(A59,SEGMENT!A:A,SEGMENT!B:B) -> SUV-B | D59: =_xlfn.CONCAT(A59," ",B59) -> TRACKER LS AT | E59: 07. TRACKER TURBO | F59: LS AT (D)-MCM | G59: LT AT MCM
A60: TRACKER | B60: LTZ AT | C60: =_xlfn.XLOOKUP(A60,SEGMENT!A:A,SEGMENT!B:B) -> SUV-B | D60: =_xlfn.CONCAT(A60," ",B60) -> TRACKER LTZ AT | E60: 07. TRACKER TURBO | F60: LTZ AT (D)-MCM
A61: TRACKER | B61: PREMIER AT | C61: =_xlfn.XLOOKUP(A61,SEGMENT!A:A,SEGMENT!B:B) -> SUV-B | D61: =_xlfn.CONCAT(A61," ",B61) -> TRACKER PREMIER AT | E61: 07. TRACKER TURBO | F61: PREMIER AT (D)-MCM
A62: TRACKER | B62: RS AT | C62: =_xlfn.XLOOKUP(A62,SEGMENT!A:A,SEGMENT!B:B) -> SUV-B | D62: =_xlfn.CONCAT(A62," ",B62) -> TRACKER RS AT | E62: 07. TRACKER TURBO | F62: RS-MCM
A63: TRAVERSE | B63: OBSOLETO | C63: =_xlfn.XLOOKUP(A63,SEGMENT!A:A,SEGMENT!B:B) -> SUV-D | D63: =_xlfn.CONCAT(A63," ",B63) -> TRAVERSE OBSOLETO | E63: 14. TRAVERSE | F63: Drops/Old Versions
A64: TRAVERSE | B64: LT AT | C64: =_xlfn.XLOOKUP(A64,SEGMENT!A:A,SEGMENT!B:B) -> SUV-D | D64: =_xlfn.CONCAT(A64," ",B64) -> TRAVERSE LT AT | E64: 14. TRAVERSE | F64: TRAVERSE LT (MidNight)
A65: TRAVERSE | B65: Z71 AT | C65: =_xlfn.XLOOKUP(A65,SEGMENT!A:A,SEGMENT!B:B) -> SUV-D | D65: =_xlfn.CONCAT(A65," ",B65) -> TRAVERSE Z71 AT | E65: 14. TRAVERSE | F65: TRAVERSE Z71

Sheet BOLIVIA
A1: NAMEPLATE | B1: TRIM | C1: SEGMENT | D1: CONCAT | E1: NAMEPLATE COUNTRY | F1: TRIM 1 | G1: TRIM 2 | H1: TRIM 3
A2: BEAT | B2: OBSOLETO | C2: =_xlfn.XLOOKUP(A2,SEGMENT!A:A,SEGMENT!B:B) -> CAR-A | D2: =_xlfn.CONCAT(A2," ",B2) -> BEAT OBSOLETO | E2: BEAT 1.2 PREMIER MT | F2: NO
A3: BLAZER | B3: OBSOLETO | C3: =_xlfn.XLOOKUP(A3,SEGMENT!A:A,SEGMENT!B:B) -> SUV-D | D3: =_xlfn.CONCAT(A3," ",B3) -> BLAZER OBSOLETO | E3: BLAZER RS 3.6L AWD AT | F3: NO
A4: CAMARO | B4: OBSOLETO | C4: =_xlfn.XLOOKUP(A4,SEGMENT!A:A,SEGMENT!B:B) -> SPORT | D4: =_xlfn.CONCAT(A4," ",B4) -> CAMARO OBSOLETO | E4: CAMARO COUPÉ 6.2 V8 SS AT | F4: NO
A5: CAPTIVA | B5: OBSOLETO | C5: =_xlfn.XLOOKUP(A5,SEGMENT!A:A,SEGMENT!B:B) -> SUV-C | D5: =_xlfn.CONCAT(A5," ",B5) -> CAPTIVA OBSOLETO | E5: NEW CAPTIVA 1.5T LTZ MT | F5: NO
A6: CAPTIVA | B6: OBSOLETO | C6: =_xlfn.XLOOKUP(A6,SEGMENT!A:A,SEGMENT!B:B) -> SUV-C | D6: =_xlfn.CONCAT(A6," ",B6) -> CAPTIVA OBSOLETO | E6: NEW CAPTIVA 1.5T LTZ AT | F6: NO
A7: CAPTIVA | B7: OBSOLETO | C7: =_xlfn.XLOOKUP(A7,SEGMENT!A:A,SEGMENT!B:B) -> SUV-C | D7: =_xlfn.CONCAT(A7," ",B7) -> CAPTIVA OBSOLETO | E7: NEW CAPTIVA 1.5T PREMIER MT | F7: NO
A8: CAPTIVA | B8: OBSOLETO | C8: =_xlfn.XLOOKUP(A8,SEGMENT!A:A,SEGMENT!B:B) -> SUV-C | D8: =_xlfn.CONCAT(A8," ",B8) -> CAPTIVA OBSOLETO | E8: NEW CAPTIVA 1.5T PREMIER AT | F8: NO
A9: CAPTIVA NEV | B9: PHEV | C9: =_xlfn.XLOOKUP(A9,SEGMENT!A:A,SEGMENT!B:B) -> SUV-C | D9: =_xlfn.CONCAT(A9," ",B9) -> CAPTIVA NEV PHEV | E9: CAPTIVA PHEV | F9: SI
A10: CAPTIVA NEV | B10: EV | C10: =_xlfn.XLOOKUP(A10,SEGMENT!A:A,SEGMENT!B:B) -> SUV-C | D10: =_xlfn.CONCAT(A10," ",B10) -> CAPTIVA NEV EV | E10: CAPTIVA EV | F10: SI
A11: GROOVE | B11: RS MT | C11: =_xlfn.XLOOKUP(A11,SEGMENT!A:A,SEGMENT!B:B) -> SUV-B | D11: =_xlfn.CONCAT(A11," ",B11) -> GROOVE RS MT | E11: GROOVE RS MT | F11: SI
A12: GROOVE | B12: RS CVT | C12: =_xlfn.XLOOKUP(A12,SEGMENT!A:A,SEGMENT!B:B) -> SUV-B | D12: =_xlfn.CONCAT(A12," ",B12) -> GROOVE RS CVT | E12: GROOVE RS CVT | F12: SI
A13: GROOVE | B13: RS MT | C13: =_xlfn.XLOOKUP(A13,SEGMENT!A:A,SEGMENT!B:B) -> SUV-B | D13: =_xlfn.CONCAT(A13," ",B13) -> GROOVE RS MT | E13: GROOVE 1.5 RS MT | F13: SI
... A66: TRAVERSE | B66: Z71 AT | C66: =_xlfn.XLOOKUP(A66,SEGMENT!A:A,SEGMENT!B:B) -> SUV-D | D66: =_xlfn.CONCAT(A66," ",B66) -> TRAVERSE Z71 AT | E66: NEW TRAVERSE Z71 | F66: SI
